Date,Open,High,Low,Close,Volume,Dividends,Stock Splits,MA_Fast,MA_Slow,Signal,Crossover
2024-11-07 00:00:00+05:30,3613.64812502655,3629.1534203086458,3586.550745704968,3612.85546875,1581009,0.0,0.0,3612.85546875,3612.85546875,0,
2024-11-08 00:00:00+05:30,3606.762005642167,3633.116314000204,3587.1944989060057,3626.478271484375,1622142,0.0,0.0,3615.332341974432,3614.152878534226,1,1.0
2024-11-11 00:00:00+05:30,3612.310527006271,3627.171925224892,3572.6801317566133,3595.319091796875,926127,0.0,0.0,3611.693569214876,3612.35918455924,-1,-2.0
2024-11-12 00:00:00+05:30,3616.2734964993606,3617.264256361415,3546.920306155537,3558.16552734375,1116206,0.0,0.0,3601.96119796558,3607.1978838720506,-1,0.0
2024-11-13 00:00:00+05:30,3551.8739595234183,3571.540638731014,3502.979865586132,3515.166259765625,1568694,0.0,0.0,3586.1803001110425,3598.4329672904864,-1,0.0
2024-11-14 00:00:00+05:30,3525.1236180654023,3532.802007059221,3467.808062822165,3493.6669921875,1291765,0.0,0.0,3569.359698670398,3588.4552553759163,-1,0.0
2024-11-18 00:00:00+05:30,3488.5646204454893,3535.3284372010994,3478.4093319368303,3509.419921875,1233217,0.0,0.0,3558.461557434871,3580.9280807567816,-1,0.0
2024-11-19 00:00:00+05:30,3527.0059150429074,3573.670801019988,3462.7056971346988,3473.5048828125,1826460,0.0,0.0,3543.0148893217124,3570.6973000001835,-1,0.0
2024-11-21 00:00:00+05:30,3497.3823457348035,3497.9273120409725,3420.5488693375355,3451.31201171875,1510581,0.0,0.0,3526.341638848446,3559.3272725448087,-1,0.0
2024-11-22 00:00:00+05:30,3467.65948036631,3580.110723515332,3441.008137113958,3570.203125,2534018,0.0,0.0,3534.316454512365,3560.363068016732,-1,0.0
2024-11-25 00:00:00+05:30,3626.18110979966,3726.247856272274,3620.236550603268,3718.32177734375,4753829,0.0,0.0,3567.771967754435,3575.4067546193055,-1,0.0
2024-11-26 00:00:00+05:30,3720.203996884119,3720.203996884119,3655.903780533237,3668.387451171875,1141534,0.0,0.0,3586.065692012151,3584.2620590528836,1,2.0
2024-11-27 00:00:00+05:30,3669.774513123046,3685.62667084712,3650.950075825708,3664.5234375,971816,0.0,0.0,3600.330736646305,3591.905999857371,1,0.0
2024-11-28 00:00:00+05:30,3665.811542392949,3686.122119857559,3614.292028824184,3632.17529296875,2124283,0.0,0.0,3606.1206559776583,3595.7411706298835,1,0.0
2024-11-29 00:00:00+05:30,3601.511214374312,3715.349423970889,3601.511214374312,3690.38232421875,2094305,0.0,0.0,3621.44095929422,3604.754613828823,1,0.0
2024-12-02 00:00:00+05:30,3672.598150493629,3683.4965085580607,3638.96166095972,3669.823974609375,1158369,0.0,0.0,3630.237871169703,3610.951695807923,1,0.0
2024-12-03 00:00:00+05:30,3686.61739260098,3763.7481434838655,3667.29757557445,3752.05712890625,3252670,0.0,0.0,3652.3868271218025,3624.3903084839544,1,0.0
2024-12-04 00:00:00+05:30,3740.118390394391,3799.5639807052953,3723.3250595085055,3754.880615234375,2510166,0.0,0.0,3671.022061324088,3636.817956745899,1,0.0
2024-12-05 00:00:00+05:30,3774.795072699305,3848.1113024577694,3725.2570796192617,3796.14599609375,2765170,0.0,0.0,3693.771867645845,3651.9920557314085,1,0.0
2024-12-06 00:00:00+05:30,3796.591629891723,3848.061554159057,3764.887315654632,3830.970947265625,1856562,0.0,0.0,3718.7171548494407,3669.037664448953,1,0.0
2024-12-09 00:00:00+05:30,3831.7637313714663,3922.418257918458,3831.7637313714663,3910.826416015625,3332753,0.0,0.0,3753.6461114251106,3692.0651645981598,1,0.0
2024-12-10 00:00:00+05:30,3918.455212081829,3926.876670818288,3865.251456441381,3886.8994140625,2349493,0.0,0.0,3777.8739846319086,3710.620807404287,1,0.0
2024-12-11 00:00:00+05:30,3886.899359956472,3911.1729759766095,3865.94488614604,3880.55859375,1237958,0.0,0.0,3796.5439135624706,3726.8053584848312,1,0.0
2024-12-12 00:00:00+05:30,3893.686249656076,3922.4182855950135,3811.403594909171,3824.23388671875,1899867,0.0,0.0,3801.5784541363396,3736.084265935681,1,0.0
2024-12-13 00:00:00+05:30,3823.342220588058,3861.981854328129,3759.1409346122255,3851.08349609375,2300361,0.0,0.0,3810.5793708558685,3747.036573569783,1,0.0
2024-12-16 00:00:00+05:30,3846.129622907144,3878.230144335169,3821.6083173515135,3842.01806640625,918660,0.0,0.0,3816.295497319574,3756.0824300303984,1,0.0
2024-12-17 00:00:00+05:30,3827.354784853903,3839.59052354427,3761.915050129564,3772.020751953125,1690180,0.0,0.0,3808.245543616583,3757.6003654516107,1,0.0
2024-12-18 00:00:00+05:30,3772.020891790718,3783.711906519308,3710.395676856457,3723.424072265625,1318341,0.0,0.0,3792.8234579164086,3754.3454803862787,1,0.0
2024-12-19 00:00:00+05:30,3667.941514543971,3727.4366924425294,3665.81147760142,3682.010498046875,1856838,0.0,0.0,3772.675647031039,3747.4564344491923,1,0.0
2024-12-20 00:00:00+05:30,3682.010543293431,3690.580519423568,3573.770027388189,3596.309814453125,2796593,0.0,0.0,3740.6091320168725,3733.061518259091,1,0.0
2024-12-23 00:00:00+05:30,3636.0887444633295,3665.811540739596,3583.628057412665,3606.861328125,1217612,0.0,0.0,3716.291349491077,3721.042452532035,-1,-2.0
2024-12-24 00:00:00+05:30,3614.2423464556105,3645.005488175269,3598.835982411058,3606.1181640625,627922,0.0,0.0,3696.2598612313354,3710.0972822016033,-1,0.0
2024-12-26 00:00:00+05:30,3624.199546468177,3631.283382671433,3576.989936171985,3595.962890625,1124705,0.0,0.0,3678.0240483938196,3699.2273401466887,-1,0.0
2024-12-27 00:00:00+05:30,3598.836013241129,3609.982061649191,3570.2031500845333,3574.7607421875,1309122,0.0,0.0,3659.248901810852,3687.3733784362894,-1,0.0
2024-12-30 00:00:00+05:30,3574.562331818288,3589.522902163864,3533.0495912548545,3545.8798828125,1591690,0.0,0.0,3638.636352902061,3673.8978074244997,-1,0.0
2024-12-31 00:00:00+05:30,3529.6315728968502,3587.1452309068904,3517.19748832877,3574.314697265625,1267628,0.0,0.0,3626.9415064227087,3664.4137016950826,-1,0.0
2025-01-01 00:00:00+05:30,3566.7355253067485,3654.913153571276,3566.6859389363945,3633.61181640625,1202029,0.0,0.0,3628.15429005608,3661.4801888104316,-1,0.0
2025-01-02 00:00:00+05:30,3642.627825225075,3689.688918926424,3616.323102368743,3679.186767578125,1882900,0.0,0.0,3637.432922332815,3663.1665296454503,-1,0.0
2025-01-03 00:00:00+05:30,3673.7374314503086,3685.527376615044,3617.7099149642713,3626.081787109375,1290107,0.0,0.0,3635.369079564917,3659.6346494039194,-1,0.0
2025-01-06 00:00:00+05:30,3650.702274020346,3658.132972725863,3552.369361150676,3569.90576171875,1212012,0.0,0.0,3623.466658138341,3651.089041052951,-1,0.0
2025-01-07 00:00:00+05:30,3573.770038977811,3616.1250235998255,3562.4752312810992,3609.635498046875,1453540,0.0,0.0,3620.951901758074,3647.141084576182,-1,0.0
2025-01-08 00:00:00+05:30,3628.1626740164215,3629.99567654501,3556.827962785077,3563.119384765625,1813201,0.0,0.0,3610.4368986685377,3639.1390179275577,-1,0.0
2025-01-09 00:00:00+05:30,3566.6362215577715,3572.977229611797,3453.7887734755,3495.301513671875,2921681,0.0,0.0,3589.5031923055076,3625.4402079984447,-1,0.0
2025-01-10 00:00:00+05:30,3467.60988365528,3519.377085743505,3460.030667567546,3503.475341796875,1794238,0.0,0.0,3573.8617649403013,3613.8245064554385,-1,0.0
2025-01-13 00:00:00+05:30,3473.158149380393,3501.8405979080853,3416.734425780858,3432.289306640625,2137212,0.0,0.0,3548.1213179767237,3596.5354398064087,-1,0.0
2025-01-14 00:00:00+05:30,3433.825194188746,3459.683881679932,3416.734586421315,3430.605224609375,2924491,0.0,0.0,3526.7547555462966,3580.732562168596,-1,0.0
2025-01-15 00:00:00+05:30,3439.224660840124,3493.5676926152337,3439.224660840124,3469.04638671875,1155446,0.0,0.0,3516.2623248503787,3570.095783554325,-1,0.0
2025-01-16 00:00:00+05:30,3502.336016404937,3510.7078886329764,3451.559574865827,3475.486328125,2305460,0.0,0.0,3508.848507263946,3561.0853592277226,-1,0.0
2025-01-17 00:00:00+05:30,3491.437718193442,3546.7717526774995,3479.499013600767,3535.675048828125,1600246,0.0,0.0,3513.7260602756146,3558.665329665856,-1,0.0
2025-01-20 00:00:00+05:30,3541.86719925381,3583.7268018318755,3523.6373152399738,3559.800048828125,1593334,0.0,0.0,3522.1031491033436,3558.773398157501,-1,0.0
2025-01-21 00:00:00+05:30,3579.3677309545706,3609.635493449755,3495.500004464314,3508.3798828125,2576596,0.0,0.0,3519.6080097777353,3553.9740157436913,-1,0.0
2025-01-22 00:00:00+05:30,3530.0772505720984,3549.24854990768,3457.8509562042627,3485.691162109375,1626055,0.0,0.0,3513.4413102016697,3547.4708868261373,-1,0.0
2025-01-23 00:00:00+05:30,3459.7333463792547,3495.2025968754374,3428.6235842911324,3470.87939453125,1993204,0.0,0.0,3505.702780079775,3540.1764589885292,-1,0.0
2025-01-24 00:00:00+05:30,3482.025432433258,3488.564544083737,3414.2079702539204,3426.24560546875,1206454,0.0,0.0,3491.2560210595884,3529.325901510455,-1,0.0
2025-01-27 00:00:00+05:30,3415.3472915835446,3461.6157279989397,3369.722752313938,3425.70068359375,1552938,0.0,0.0,3479.3368687930724,3519.4568331374358,-1,0.0
2025-01-28 00:00:00+05:30,3432.933319566636,3449.9743407371952,3372.596141004069,3382.35498046875,1657689,0.0,0.0,3461.70379818865,3506.399513835656,-1,0.0
2025-01-29 00:00:00+05:30,3399.2970578637423,3423.0752943512766,3380.4726206444443,3417.82421875,1238704,0.0,0.0,3453.7256928361685,3497.9637714465457,-1,0.0
2025-01-30 00:00:00+05:30,3423.07526485292,3485.295031502735,3363.629674146357,3389.33984375,2717740,0.0,0.0,3442.019174820501,3487.6186354754464,-1,0.0
2025-01-31 00:00:00+05:30,3468.6997537985585,3556.827792366174,3448.884557183705,3534.4365234375,3995513,0.0,0.0,3458.822329114501,3492.0774819480225,-1,0.0
2025-02-01 00:00:00+05:30,3544.938689720812,3595.6655448971665,3370.5649587563453,3415.64453125,4752505,0.0,0.0,3450.9718204118644,3484.7981533101156,-1,0.0
2025-02-03 00:00:00+05:30,3388.3985608380526,3388.3985608380526,3239.7845888714714,3258.80712890625,6077580,0.0,0.0,3416.0327855926616,3463.2751986049852,-1,0.0
2025-02-04 00:00:00+05:30,3285.359605382587,3417.1306631376783,3276.690456846068,3407.37158203125,4742516,0.0,0.0,3414.4580213087684,3457.951044645582,-1,0.0
2025-02-05 00:00:00+05:30,3412.8208659180355,3419.06270143296,3348.2233712162338,3351.938720703125,2670316,0.0,0.0,3403.0908757441057,3447.8546328415387,-1,0.0
2025-02-06 00:00:00+05:30,3372.546460811088,3372.546460811088,3311.812834864308,3321.77001953125,2874856,0.0,0.0,3388.305265523586,3435.8465744310347,-1,0.0
2025-02-07 00:00:00+05:30,3335.8883741239174,3338.811067268702,3280.504995940615,3306.06640625,1722789,0.0,0.0,3373.3527456556612,3423.4865584137933,-1,0.0
2025-02-10 00:00:00+05:30,3316.86577380904,3318.054637216108,3263.61243348346,3297.892578125,1236663,0.0,0.0,3359.6327151955406,3411.5252269577177,-1,0.0
2025-02-11 00:00:00+05:30,3329.894307442661,3329.9438938126723,3201.145111844316,3209.715087890625,2593537,0.0,0.0,3332.374964776465,3392.3052137132327,-1,0.0
2025-02-12 00:00:00+05:30,3228.8862381020726,3269.507390529868,3192.475814889354,3259.2529296875,1632415,0.0,0.0,3319.0800493057436,3379.633567615544,-1,0.0
2025-02-13 00:00:00+05:30,3259.253165263129,3284.269852407941,3222.892325789994,3233.493408203125,2127644,0.0,0.0,3303.5188418325397,3365.715457195314,-1,0.0
2025-02-14 00:00:00+05:30,3244.7882073809574,3255.438876136944,3191.782553572095,3207.733642578125,1378340,0.0,0.0,3286.1033510590096,3350.669570088915,-1,0.0
2025-02-17 00:00:00+05:30,3183.8564785574367,3209.4674764678302,3165.0320407321565,3192.079833984375,1966689,0.0,0.0,3269.0081661363483,3335.565785698006,-1,0.0
2025-02-18 00:00:00+05:30,3197.1820654609105,3211.052703488941,3153.58863165853,3190.395263671875,2428215,0.0,0.0,3254.7149111428075,3321.7400216955175,-1,0.0
2025-02-19 00:00:00+05:30,3190.395264786494,3272.331298674196,3181.9244614956297,3245.630126953125,1677978,0.0,0.0,3253.0631321992287,3314.49146029148,-1,0.0
2025-02-20 00:00:00+05:30,3229.9267819538545,3255.091986048982,3217.740387102775,3245.53125,1236693,0.0,0.0,3251.693699072096,3307.923821216101,-1,0.0
2025-02-21 00:00:00+05:30,3245.531107782703,3294.177270429151,3240.676239472465,3284.468017578125,1706850,0.0,0.0,3257.6526660731924,3305.6899351553416,-1,0.0
2025-02-24 00:00:00+05:30,3259.302704595859,3294.771956412763,3219.9695860296133,3227.598388671875,1512844,0.0,0.0,3252.1882520002255,3298.252645014059,-1,0.0
2025-02-25 00:00:00+05:30,3203.1265325672966,3218.929103489593,3176.7722243174926,3196.092041015625,2529084,0.0,0.0,3241.988940912116,3288.5230636808747,-1,0.0
2025-02-27 00:00:00+05:30,3208.0804058264525,3228.3909828244277,3154.5793737342265,3179.84375,2572065,0.0,0.0,3230.689815291731,3278.172652854125,-1,0.0
2025-02-28 00:00:00+05:30,3170.233491733098,3170.233491733098,3111.976762791947,3134.61572265625,2494680,0.0,0.0,3213.221798448916,3264.5005642638507,-1,0.0
2025-03-03 00:00:00+05:30,3136.696173009949,3197.1821116617484,3130.801200139797,3167.756591796875,1352460,0.0,0.0,3204.955397239454,3255.286852600329,-1,0.0
2025-03-04 00:00:00+05:30,3141.7489535167992,3191.2373578011934,3138.52898412442,3183.311279296875,1442098,0.0,0.0,3201.0201030680764,3248.432036095238,-1,0.0
2025-03-05 00:00:00+05:30,3183.3114343410048,3215.0157499024463,3158.3939205833267,3209.715087890625,1945855,0.0,0.0,3202.6010093994487,3244.7447076947983,-1,0.0
2025-03-06 00:00:00+05:30,3220.068579328378,3236.2673572122503,3185.292812983288,3229.77783203125,1854837,0.0,0.0,3207.542249877958,3243.319290964937,-1,0.0
2025-03-07 00:00:00+05:30,3229.778007525388,3258.60921653258,3210.161155582477,3214.718505859375,930240,0.0,0.0,3208.847023692761,3240.5954066691693,-1,0.0
2025-03-10 00:00:00+05:30,3216.0065951851507,3216.303871528381,3139.7676702104354,3148.337646484375,1777752,0.0,0.0,3197.8453187457817,3231.8089533182365,-1,0.0
2025-03-11 00:00:00+05:30,3141.006069962357,3174.7908364600885,3131.891127518692,3165.923583984375,1274649,0.0,0.0,3192.0413669709806,3225.534156238821,-1,0.0
2025-03-12 00:00:00+05:30,3175.3853579070405,3192.1786891920365,3123.9154314498933,3164.14013671875,1360149,0.0,0.0,3186.9684160160296,3219.6871067607194,-1,0.0
2025-03-13 00:00:00+05:30,3172.6606881398275,3203.2750703502657,3148.6843484605674,3157.848876953125,1414376,0.0,0.0,3181.6739543682284,3213.7977515409484,-1,0.0
2025-03-17 00:00:00+05:30,3160.523832416647,3210.1114098884045,3129.810277932348,3144.126708984375,2805790,0.0,0.0,3174.8471824802546,3207.162414154608,-1,0.0
2025-03-18 00:00:00+05:30,3144.126708984375,3144.126708984375,3144.126708984375,3144.126708984375,0,0.0,0.0,3169.2616418446396,3201.159013662205,-1,0.0
2025-03-19 00:00:00+05:30,3244.7385528309187,3295.8618585393383,3238.29861371843,3288.876953125,1616312,0.0,0.0,3191.00988025925,3209.5131031348524,-1,0.0
2025-03-20 00:00:00+05:30,3304.4318830508832,3327.863257411344,3246.62094741654,3320.0859375,2434722,0.0,0.0,3214.4782543030224,3220.0438492648664,-1,0.0
2025-03-21 00:00:00+05:30,3325.980742840182,3423.07520599131,3301.954817009418,3384.385986328125,3042073,0.0,0.0,3245.3705692166773,3235.695481366129,1,2.0
2025-03-24 00:00:00+05:30,3417.130688591747,3484.502357720259,3414.158409071372,3449.67724609375,1955564,0.0,0.0,3282.517237739781,3256.0746970544737,1,0.0
2025-03-25 00:00:00+05:30,3472.613329841321,3492.4285271585327,3403.607001938025,3437.54052734375,4235900,0.0,0.0,3310.703290395048,3273.357157082024,1,0.0
2025-03-26 00:00:00+05:30,3440.90886101894,3464.4889931540906,3386.912450732291,3412.969482421875,2315715,0.0,0.0,3329.2971434908345,3286.653569019153,1,0.0
2025-03-27 00:00:00+05:30,3428.029165516825,3495.4008369778494,3419.1123266469835,3469.244873046875,3467864,0.0,0.0,3354.7421852282964,3304.043217021793,1,0.0
2025-03-28 00:00:00+05:30,3477.46799039738,3481.5302026409804,3440.463254176872,3460.03076171875,1348143,0.0,0.0,3373.8855627720154,3318.8991736595985,1,0.0
2025-04-01 00:00:00+05:30,3447.8442336234234,3469.244742861873,3398.3062417610176,3405.04345703125,1935147,0.0,0.0,3379.5506344555124,3327.1033911235654,1,0.0
2025-04-02 00:00:00+05:30,3401.2786115130666,3425.7999181355394,3376.5096149247106,3388.299560546875,1338839,0.0,0.0,3381.1413482903054,3332.9315977353094,1,0.0
2025-04-03 00:00:00+05:30,3368.583405418285,3431.001274401036,3361.648086642424,3388.547119140625,1200631,0.0,0.0,3382.4878520812726,3338.228314059625,1,0.0
2025-04-04 00:00:00+05:30,3368.583496822648,3372.3484326372195,3207.3869172781106,3230.025634765625,2366979,0.0,0.0,3354.767448932973,3327.923296984006,1,0.0
2025-04-07 00:00:00+05:30,3020.8762544006017,3062.0423729831123,2937.900120111403,3040.146484375,4953864,0.0,0.0,3297.5636371951596,3300.5159814974336,-1,-2.0
2025-04-08 00:00:00+05:30,3096.0749989474543,3164.3878434209587,3064.122993226975,3131.89111328125,2877816,0.0,0.0,3267.441360119903,3284.4564702387497,-1,0.0
2025-04-09 00:00:00+05:30,3129.612366081837,3129.612366081837,3019.836122693588,3025.92919921875,4451381,0.0,0.0,3223.530058137875,3259.834825379702,-1,0.0
2025-04-11 00:00:00+05:30,3085.2262697338097,3127.8289446209496,3071.5041486267314,3087.158203125,3979116,0.0,0.0,3198.735175408261,3243.389432784016,-1,0.0
2025-04-15 00:00:00+05:30,3150.616209240261,3241.7661121490983,3146.752342718665,3227.499267578125,2161492,0.0,0.0,3203.9650103482363,3241.8760837167883,-1,0.0
2025-04-16 00:00:00+05:30,3239.7846779044826,3246.5218931957247,3194.3088979868703,3197.87548828125,1578260,0.0,0.0,3202.857824517875,3237.6855508181657,-1,0.0
2025-04-17 00:00:00+05:30,3184.401255724522,3219.870264012315,3133.178779176769,3217.29443359375,3209331,0.0,0.0,3205.48266253167,3235.743539653936,-1,0.0
2025-04-21 00:00:00+05:30,3219.4741882594,3259.59996287842,3195.2997442551678,3250.187744140625,1643003,0.0,0.0,3213.6108591878437,3237.1191781764774,-1,0.0
2025-04-22 00:00:00+05:30,3249.692330208996,3254.646129492851,3217.9880147923227,3227.697509765625,2060322,0.0,0.0,3216.172068383804,3236.221876423063,-1,0.0
2025-04-23 00:00:00+05:30,3245.134741898812,3284.368929026597,3236.515179511797,3270.498291015625,2381699,0.0,0.0,3226.0495634077715,3239.48629686045,-1,0.0
2025-04-24 00:00:00+05:30,3276.442817054013,3276.442817054013,3249.6923011603158,3270.10205078125,1993448,0.0,0.0,3234.0591065665853,3242.402082948145,-1,0.0
2025-04-25 00:00:00+05:30,3279.415180963702,3304.8776613332107,3200.2535638327017,3241.865478515625,2004819,0.0,0.0,3235.4784469209562,3242.3509777640957,-1,0.0
2025-04-28 00:00:00+05:30,3229.876991956853,3319.8380313981165,3224.7250893036817,3296.55517578125,1689485,0.0,0.0,3246.5833067137364,3247.5132823371578,-1,0.0
2025-04-29 00:00:00+05:30,3304.1841644644924,3345.201526303951,3284.3689670763997,3291.6015625,1843861,0.0,0.0,3254.7684441294205,3251.7121661621904,1,2.0
2025-04-30 00:00:00+05:30,3293.28574464279,3323.999300023033,3272.777064104542,3310.128662109375,1930714,0.0,0.0,3264.8339383075936,3257.2756419666844,1,0.0
2025-05-02 00:00:00+05:30,3294.2765350756786,3343.715355344425,3294.2765350756786,3304.0849609375,1411889,0.0,0.0,3271.9704878766674,3261.7336723448575,1,0.0
2025-05-05 00:00:00+05:30,3319.045560576633,3319.045560576633,3270.201050666424,3299.428466796875,1947332,0.0,0.0,3276.9628476803414,3265.323652768859,1,0.0
2025-05-06 00:00:00+05:30,3315.082477645096,3322.017796635985,3272.2817002496968,3303.193359375,1695516,0.0,0.0,3281.7320316248247,3268.9302914932537,1,0.0
2025-05-07 00:00:00+05:30,3301.211868113193,3308.939843432301,3253.7545673632976,3290.709716796875,2422707,0.0,0.0,3283.3643380197427,3271.004522474551,1,0.0
2025-05-08 00:00:00+05:30,3279.514231203037,3334.897609303595,3269.30935651123,3293.1865234375,3204333,0.0,0.0,3285.1501899138802,3273.1170939948315,1,0.0
2025-05-09 00:00:00+05:30,3300.220950142965,3444.871883412516,3300.220950142965,3412.07763671875,5637694,0.0,0.0,3308.227907514766,3286.3514313971095,1,0.0
2025-05-12 00:00:00+05:30,3480.539377919171,3569.509661461828,3457.751901206349,3554.0537109375,3147384,0.0,0.0,3352.9235081370807,3311.8468865914324,1,0.0
2025-05-13 00:00:00+05:30,3554.0535832199857,3572.67991624067,3512.243567130664,3534.040283203125,2374439,0.0,0.0,3385.8538308763614,3333.0081624592126,1,0.0
2025-05-14 00:00:00+05:30,3553.8556941113675,3583.578490549433,3534.0404964859904,3540.084228515625,2440116,0.0,0.0,3413.8957213562276,3352.7296925598234,1,0.0
2025-05-15 00:00:00+05:30,3560.7909933686897,3614.9855101940975,3510.2622397065293,3584.767333984375,3720879,0.0,0.0,3444.9632872886177,3374.828515552638,1,0.0
2025-05-16 00:00:00+05:30,3608.3474817321217,3608.3474817321217,3566.7355667862817,3571.39208984375,1278520,0.0,0.0,3467.9503422986418,3393.548855961315,1,0.0
2025-05-19 00:00:00+05:30,3571.3920131126943,3586.45151458307,3553.855611996377,3566.93359375,1519244,0.0,0.0,3485.9472971079795,3410.061688131666,1,0.0
2025-05-20 00:00:00+05:30,3596.458221523366,3600.4212608859257,3523.1419933160023,3534.8330078125,1532347,0.0,0.0,3494.8356081451648,3421.944670958412,1,0.0
2025-05-21 00:00:00+05:30,3532.7524049540325,3577.138495316908,3522.1513227673754,3555.837158203125,1563885,0.0,0.0,3505.926799064794,3434.6963364102894,1,0.0
2025-05-22 00:00:00+05:30,3551.8741007307995,3558.809419755936,3504.2184546756093,3518.58447265625,1597159,0.0,0.0,3508.2281942632403,3442.6856827194288,1,0.0
2025-05-23 00:00:00+05:30,3537.012608179345,3598.043510721428,3518.3862749189907,3566.63623046875,1119217,0.0,0.0,3518.8478372096965,3454.490496790793,1,0.0
2025-05-26 00:00:00+05:30,3582.389449835285,3638.565483947053,3575.0576819457824,3614.9853515625,1678934,0.0,0.0,3536.3273852738425,3469.7757210547647,1,0.0
2025-05-27 00:00:00+05:30,3614.985529384525,3631.134963821579,3569.7078512003136,3606.365966796875,2013954,0.0,0.0,3549.0616728234845,3482.7843158873466,1,0.0
2025-05-28 00:00:00+05:30,3626.181027495699,3629.153307026433,3586.5506337525767,3612.607666015625,1293244,0.0,0.0,3560.61548976751,3495.148444470992,1,0.0
2025-05-29 00:00:00+05:30,3630.044803373408,3634.998602467444,3584.569024444051,3621.5244140625,1972248,0.0,0.0,3571.6898396393262,3507.184251098755,1,0.0
2025-05-30 00:00:00+05:30,3621.52450826291,3661.1549020460297,3620.7318520103017,3641.1416015625,2571304,0.0,0.0,3584.317432716267,3519.942094000064,1,0.0
2025-06-02 00:00:00+05:30,3641.1416782617343,3663.136498897733,3572.2838676131,3645.60009765625,1954517,0.0,0.0,3595.4597354326274,3531.909522919701,1,0.0
2025-06-03 00:00:00+05:30,3655.0,3669.199951171875,3615.300048828125,3644.800048828125,2472483,34.0,0.0,3604.430701504536,3542.661001577646,1,0.0
2025-06-04 00:00:00+05:30,3645.0,3661.699951171875,3615.300048828125,3626.5,1086783,0.0,0.0,3608.443301230984,3550.6456680940605,1,0.0
2025-06-05 00:00:00+05:30,3629.89990234375,3677.39990234375,3612.0,3642.60009765625,1466416,0.0,0.0,3614.6536278537596,3559.403232814269,1,0.0
2025-06-06 00:00:00+05:30,3645.0,3667.0,3623.0,3656.300048828125,1172711,0.0,0.0,3622.225704394553,3568.631501006065,1,0.0
2025-06-09 00:00:00+05:30,3664.0,3708.89990234375,3662.199951171875,3678.89990234375,898170,0.0,0.0,3632.530104021679,3579.133253514416,1,0.0
2025-06-10 00:00:00+05:30,3704.0,3704.0,3667.199951171875,3679.800048828125,1454535,0.0,0.0,3641.1246394410327,3588.720567353817,1,0.0
2025-06-11 00:00:00+05:30,3689.89990234375,3692.0,3656.10009765625,3684.800048828125,1265737,0.0,0.0,3649.065622965958,3597.8709941608936,1,0.0
2025-06-12 00:00:00+05:30,3684.800048828125,3708.0,3585.0,3603.89990234375,2335718,0.0,0.0,3640.8536737619197,3598.4451758925943,1,0.0
2025-06-13 00:00:00+05:30,3501.199951171875,3596.0,3485.89990234375,3587.39990234375,1981445,0.0,0.0,3631.134806231343,3597.3932450784187,1,0.0
2025-06-16 00:00:00+05:30,3575.5,3653.699951171875,3561.800048828125,3628.699951171875,1322630,0.0,0.0,3630.6921053114397,3600.374836134938,1,0.0
2025-06-17 00:00:00+05:30,3622.0,3627.60009765625,3602.0,3622.300048828125,930603,0.0,0.0,3629.1662768599276,3602.462951629527,1,0.0
2025-06-18 00:00:00+05:30,3622.0,3639.10009765625,3587.199951171875,3601.5,743311,0.0,0.0,3624.136044703577,3602.3712419505246,1,0.0
2025-06-19 00:00:00+05:30,3607.0,3643.0,3591.10009765625,3621.10009765625,1580819,0.0,0.0,3623.5840543313357,3604.154942493927,1,0.0
2025-06-20 00:00:00+05:30,3614.0,3669.89990234375,3614.0,3662.0,2575277,0.0,0.0,3630.5687717256383,3609.6639955897435,1,0.0
2025-06-23 00:00:00+05:30,3645.0,3660.0,3574.60009765625,3583.699951171875,1867977,0.0,0.0,3622.0471679885904,3607.1912294547083,1,0.0
2025-06-24 00:00:00+05:30,3637.10009765625,3684.0,3597.0,3604.800048828125,2751637,0.0,0.0,3618.911328141233,3606.9634979664625,1,0.0
2025-06-25 00:00:00+05:30,3640.0,3642.0,3608.89990234375,3619.800048828125,1405262,0.0,0.0,3619.0729137206677,3608.186026619954,1,0.0
2025-06-26 00:00:00+05:30,3620.10009765625,3669.0,3620.10009765625,3659.60009765625,2578926,0.0,0.0,3626.441492618046,3613.082604813887,1,0.0
2025-06-27 00:00:00+05:30,3665.0,3731.39990234375,3665.0,3679.199951171875,2720600,0.0,0.0,3636.0339396278328,3619.379494943219,1,0.0
2025-06-30 00:00:00+05:30,3682.0,3717.5,3652.699951171875,3669.800048828125,1508882,0.0,0.0,3642.1732322097037,3624.1814524560673,1,0.0
2025-07-01 00:00:00+05:30,3669.800048828125,3678.89990234375,3645.0,3666.699951171875,1054380,0.0,0.0,3646.632635657371,3628.2308332861444,1,0.0
2025-07-02 00:00:00+05:30,3666.60009765625,3674.199951171875,3583.89990234375,3596.800048828125,1330176,0.0,0.0,3637.57216532478,3625.2374252425234,1,0.0
2025-07-03 00:00:00+05:30,3605.0,3625.0,3576.0,3582.89990234375,1229034,0.0,0.0,3627.631753873684,3621.205280204545,1,0.0
2025-07-04 00:00:00+05:30,3590.0,3600.0,3570.10009765625,3594.60009765625,696402,0.0,0.0,3621.6259981977864,3618.6714532951837,1,0.0
2025-07-07 00:00:00+05:30,3599.89990234375,3609.800048828125,3575.10009765625,3581.39990234375,719539,0.0,0.0,3614.312162587961,3615.121781776,-1,-2.0
2025-07-08 00:00:00+05:30,3580.0,3614.0,3560.0,3606.39990234375,1513912,0.0,0.0,3612.8735698162864,3614.291126591976,-1,0.0
2025-07-09 00:00:00+05:30,3605.0,3605.10009765625,3568.199951171875,3579.699951171875,1008876,0.0,0.0,3606.8420027900297,3610.996728932919,-1,0.0
2025-07-10 00:00:00+05:30,3575.0,3589.89990234375,3569.0,3574.699951171875,1063910,0.0,0.0,3600.99799340491,3607.539892955677,-1,0.0
2025-07-11 00:00:00+05:30,3575.0,3586.60009765625,3535.5,3540.60009765625,1439747,0.0,0.0,3590.0165578142446,3601.1646743557317,-1,0.0
2025-07-14 00:00:00+05:30,3540.60009765625,3548.699951171875,3488.0,3495.89990234375,1358844,0.0,0.0,3572.904438637791,3591.1394579736384,-1,0.0
2025-07-15 00:00:00+05:30,3519.0,3521.0,3481.699951171875,3494.0,1585193,0.0,0.0,3558.5581770672834,3581.888081023768,-1,0.0
2025-07-16 00:00:00+05:30,3504.0,3516.0,3477.0,3503.800048828125,1266964,0.0,0.0,3548.602153751073,3574.4511255765638,-1,0.0
2025-07-17 00:00:00+05:30,3515.0,3515.0,3467.5,3474.0,2217275,0.0,0.0,3535.0381257963318,3564.884351712129,-1,0.0
2025-07-18 00:00:00+05:30,3489.0,3499.0,3450.0,3464.800048828125,1818696,0.0,0.0,3522.2675663475666,3555.352513342224,-1,0.0
2025-07-21 00:00:00+05:30,3467.60009765625,3508.10009765625,3444.89990234375,3502.800048828125,1521623,0.0,0.0,3518.728017707668,3550.347516721834,-1,0.0
2025-07-22 00:00:00+05:30,3502.0,3507.60009765625,3454.10009765625,3464.60009765625,2586522,0.0,0.0,3508.8865776983193,3542.181095858445,-1,0.0
2025-07-23 00:00:00+05:30,3476.199951171875,3490.0,3458.60009765625,3484.89990234375,1192261,0.0,0.0,3504.5253639974885,3536.7257440951407,-1,0.0
2025-07-24 00:00:00+05:30,3484.89990234375,3493.39990234375,3461.0,3477.5,1083671,0.0,0.0,3499.611661452491,3531.0851970384606,-1,0.0
2025-07-25 00:00:00+05:30,3470.0,3477.0,3437.39990234375,3442.89990234375,1338744,0.0,0.0,3489.300432523629,3522.6865975437263,-1,0.0
2025-07-28 00:00:00+05:30,3430.10009765625,3446.10009765625,3405.10009765625,3422.199951171875,2256080,0.0,0.0,3477.100345005128,3513.116440746407,-1,0.0
2025-07-29 00:00:00+05:30,3418.0,3504.300048828125,3406.5,3495.60009765625,1241060,0.0,0.0,3480.4639363962406,3511.4482175949634,-1,0.0
2025-07-30 00:00:00+05:30,3622.0,3685.300048828125,3590.0,3665.10009765625,8760659,0.0,0.0,3514.034147534424,3526.0817299817527,-1,0.0
2025-07-31 00:00:00+05:30,3625.0,3662.89990234375,3621.0,3636.5,1927627,0.0,0.0,3536.3006661645286,3536.5977556977764,-1,0.0
2025-08-01 00:00:00+05:30,3636.0,3636.0,3578.10009765625,3587.300048828125,1205945,0.0,0.0,3545.573281194273,3541.426545519714,1,2.0
2025-08-04 00:00:00+05:30,3595.199951171875,3636.800048828125,3577.0,3631.10009765625,1033049,0.0,0.0,3561.123611460087,3549.9668838184316,1,0.0
2025-08-05 00:00:00+05:30,3630.0,3657.699951171875,3608.300048828125,3652.60009765625,1158433,0.0,0.0,3577.755699859389,3559.7414756125095,1,0.0
2025-08-06 00:00:00+05:30,3650.0,3671.0,3622.199951171875,3628.39990234375,931383,0.0,0.0,3586.963736674727,3566.2803733964374,1,0.0
2025-08-07 00:00:00+05:30,3610.300048828125,3649.0,3599.199951171875,3641.60009765625,1211790,0.0,0.0,3596.897620489549,3573.4536804688005,1,0.0
2025-08-08 00:00:00+05:30,3641.60009765625,3662.300048828125,3600.0,3607.60009765625,1337067,0.0,0.0,3598.843525428949,3576.7057202009387,1,0.0
2025-08-11 00:00:00+05:30,3610.0,3676.89990234375,3600.0,3668.39990234375,1822410,0.0,0.0,3611.490139413458,3585.4384994526354,1,0.0
2025-08-12 00:00:00+05:30,3680.0,3727.89990234375,3673.10009765625,3686.10009765625,2280103,0.0,0.0,3625.0555863666928,3595.02531832917,1,0.0
2025-08-13 00:00:00+05:30,3696.0,3716.0,3681.300048828125,3693.699951171875,1227196,0.0,0.0,3637.536379967635,3604.4229024094275,1,0.0
2025-08-14 00:00:00+05:30,3700.0,3708.5,3641.699951171875,3677.0,1769702,0.0,0.0,3644.7115836098833,3611.335006941863,1,0.0
2025-08-18 00:00:00+05:30,3699.0,3701.5,3621.699951171875,3635.10009765625,1950151,0.0,0.0,3642.9640407092224,3613.598348914662,1,0.0
2025-08-19 00:00:00+05:30,3648.89990234375,3654.0,3608.199951171875,3613.0,1352944,0.0,0.0,3637.5160333075455,3613.541363303742,1,0.0
2025-08-20 00:00:00+05:30,3613.5,3619.89990234375,3580.0,3592.300048828125,1325096,0.0,0.0,3629.294945220378,3611.5183809727305,1,0.0
2025-08-21 00:00:00+05:30,3599.0,3648.0,3588.0,3612.60009765625,1624009,0.0,0.0,3626.2595183905364,3611.6214016092563,1,0.0
2025-08-22 00:00:00+05:30,3610.0,3634.5,3582.0,3595.800048828125,1060447,0.0,0.0,3620.721433015552,3610.1146061062914,1,0.0
2025-08-25 00:00:00+05:30,3616.0,3617.89990234375,3584.300048828125,3603.10009765625,980393,0.0,0.0,3617.517553859315,3609.4465576824778,1,0.0
2025-08-26 00:00:00+05:30,3599.0,3600.0,3531.0,3541.300048828125,1787363,0.0,0.0,3603.6598256718253,3602.956413982063,1,0.0
2025-08-28 00:00:00+05:30,3540.0,3576.89990234375,3537.199951171875,3560.10009765625,1695226,0.0,0.0,3595.7398751235387,3598.8748600462714,-1,-2.0
2025-08-29 00:00:00+05:30,3575.60009765625,3615.0,3540.199951171875,3601.0,1678055,0.0,0.0,3596.6962614647136,3599.0772543275784,-1,0.0
2025-09-01 00:00:00+05:30,3601.0,3628.60009765625,3581.89990234375,3598.39990234375,1094155,0.0,0.0,3597.006014351811,3599.0127446148326,-1,0.0
2025-09-02 00:00:00+05:30,3598.39990234375,3619.89990234375,3560.0,3574.89990234375,1230950,0.0,0.0,3592.986721259436,3596.7162834461583,-1,0.0
2025-09-03 00:00:00+05:30,3594.0,3606.300048828125,3560.0,3600.800048828125,1314831,0.0,0.0,3594.4073262719244,3597.105213482536,-1,0.0
2025-09-04 00:00:00+05:30,3622.89990234375,3624.89990234375,3572.5,3592.60009765625,1434998,0.0,0.0,3594.078739250893,3596.6761548324134,-1,0.0
2025-09-05 00:00:00+05:30,3592.800048828125,3609.10009765625,3549.10009765625,3553.60009765625,830812,0.0,0.0,3586.7189862336845,3592.573673196588,-1,0.0
2025-09-08 00:00:00+05:30,3570.0,3579.89990234375,3525.0,3529.60009765625,1039999,0.0,0.0,3576.33373376506,3586.576189811794,-1,0.0
2025-09-09 00:00:00+05:30,3547.199951171875,3550.0,3516.39990234375,3525.0,1522116,0.0,0.0,3567.000327625958,3580.7117907820993,-1,0.0
2025-09-10 00:00:00+05:30,3559.0,3577.39990234375,3541.10009765625,3550.0,1136732,0.0,0.0,3563.9093589666927,3577.7868583266613,-1,0.0
2025-09-11 00:00:00+05:30,3548.0,3564.699951171875,3533.0,3539.699951171875,1177793,0.0,0.0,3559.5076484585434,3574.1595338357292,-1,0.0
2025-09-12 00:00:00+05:30,3556.39990234375,3595.39990234375,3548.10009765625,3579.800048828125,1146873,0.0,0.0,3563.1971757984675,3574.696725739767,-1,0.0
2025-09-15 00:00:00+05:30,3581.0,3607.0,3575.5,3586.199951171875,1177076,0.0,0.0,3567.379498593632,3575.7922710190155,-1,0.0
2025-09-16 00:00:00+05:30,3603.89990234375,3674.0,3593.10009765625,3667.800048828125,2928060,0.0,0.0,3585.637780454449,3584.5549165246453,1,2.0
2025-09-17 00:00:00+05:30,3672.0,3704.0,3662.699951171875,3685.5,1610471,0.0,0.0,3603.794547644549,3594.1687339984887,1,0.0
2025-09-18 00:00:00+05:30,3691.0,3700.0,3672.5,3686.0,1270148,0.0,0.0,3618.740993527358,3602.9145688557755,1,0.0
2025-09-19 00:00:00+05:30,3679.0,3705.0,3671.0,3675.39990234375,2227521,0.0,0.0,3629.0426133121564,3609.8179339498683,1,0.0
2025-09-22 00:00:00+05:30,3693.60009765625,3693.60009765625,3633.89990234375,3644.5,839430,0.0,0.0,3631.8530472554003,3613.1209878594045,1,0.0
2025-09-23 00:00:00+05:30,3646.89990234375,3673.5,3613.199951171875,3657.60009765625,1262120,0.0,0.0,3636.5343291464637,3617.357093554342,1,0.0
2025-09-24 00:00:00+05:30,3657.60009765625,3709.199951171875,3637.10009765625,3673.800048828125,1745130,0.0,0.0,3643.309914543129,3622.7326131042264,1,0.0
2025-09-25 00:00:00+05:30,3684.0,3704.0,3635.699951171875,3644.39990234375,1999071,0.0,0.0,3643.5080941432416,3624.796164460371,1,0.0
2025-09-26 00:00:00+05:30,3664.0,3794.89990234375,3661.0,3729.5,5870301,0.0,0.0,3659.1429861171973,3634.767958321288,1,0.0
2025-09-29 00:00:00+05:30,3738.0,3740.0,3679.60009765625,3688.39990234375,2599630,0.0,0.0,3664.4624254311157,3639.8757625139037,1,0.0
2025-09-30 00:00:00+05:30,3695.0,3696.60009765625,3648.0,3659.0,1676302,0.0,0.0,3663.469257170913,3641.6971184649606,1,0.0
2025-10-01 00:00:00+05:30,3658.89990234375,3688.0,3615.0,3670.300048828125,2005028,0.0,0.0,3664.7112192904056,3644.421207070976,1,0.0
2025-10-03 00:00:00+05:30,3690.0,3746.0,3666.300048828125,3733.10009765625,1959124,0.0,0.0,3677.145560811468,3652.866815698145,1,0.0
2025-10-06 00:00:00+05:30,3720.0,3767.0,3703.0,3737.0,1581506,0.0,0.0,3688.0281861184735,3660.8794999173692,1,0.0
2025-10-07 00:00:00+05:30,3748.0,3766.0,3725.0,3729.699951171875,1673945,0.0,0.0,3695.6048706736374,3667.4338286082743,1,0.0
2025-10-08 00:00:00+05:30,3730.0,3760.0,3715.0,3729.800048828125,1424633,0.0,0.0,3701.822175792635,3673.3734686292128,1,0.0
2025-10-09 00:00:00+05:30,3735.5,3796.39990234375,3730.10009765625,3769.199951171875,1827249,0.0,0.0,3714.072680407042,3682.4998002999423,1,0.0
2025-10-10 00:00:00+05:30,3765.0,3799.0,3760.0,3784.0,1129678,0.0,0.0,3726.786738514852,3692.166485985662,1,0.0
2025-10-13 00:00:00+05:30,3780.0,3784.0,3745.0,3769.5,1191248,0.0,0.0,3734.552786057606,3699.531582558456,1,0.0
2025-10-14 00:00:00+05:30,3775.0,3786.800048828125,3730.199951171875,3744.300048828125,1364583,0.0,0.0,3736.325015652246,3703.7952460127103,1,0.0
2025-10-15 00:00:00+05:30,3747.0,3843.89990234375,3744.300048828125,3828.699951171875,2575918,0.0,0.0,3753.1204584739967,3715.690932218345,1,0.0
2025-10-16 00:00:00+05:30,3830.300048828125,3885.89990234375,3830.0,3861.800048828125,2330283,0.0,0.0,3772.8803839929287,3729.606086181181,1,0.0
2025-10-17 00:00:00+05:30,3860.0,3869.5,3830.10009765625,3839.39990234375,1337364,0.0,0.0,3784.974841874896,3740.062640101426,1,0.0
2025-10-20 00:00:00+05:30,3862.0,3887.60009765625,3845.39990234375,3872.699951171875,1223232,0.0,0.0,3800.924861747074,3752.6947649652784,1,0.0
2025-10-21 00:00:00+05:30,3892.0,3895.0,3877.199951171875,3888.199951171875,260327,0.0,0.0,3816.79305982431,3765.600020794478,1,0.0
2025-10-23 00:00:00+05:30,3890.0,3966.199951171875,3890.0,3918.699951171875,2815778,0.0,0.0,3835.321585523867,3780.1809665447063,1,0.0
2025-10-24 00:00:00+05:30,3929.300048828125,3939.89990234375,3897.5,3904.89990234375,1146636,0.0,0.0,3847.9721885820272,3792.0589604303295,1,0.0
2025-10-27 00:00:00+05:30,3912.0,3948.0,3907.0,3923.800048828125,1057688,0.0,0.0,3861.7590722631357,3804.605730753929,1,0.0
2025-10-28 00:00:00+05:30,3922.10009765625,3986.0,3917.300048828125,3972.800048828125,3391806,0.0,0.0,3881.948340729497,3820.6242372371858,1,0.0
2025-10-29 00:00:00+05:30,3988.0,4016.699951171875,3920.0,3958.10009765625,2563641,0.0,0.0,3895.794114716179,3833.7171763247156,1,0.0
2025-10-30 00:00:00+05:30,3980.0,4062.60009765625,3975.60009765625,3987.5,4959400,0.0,0.0,3912.46791204051,3848.3631595318852,1,0.0
2025-10-31 00:00:00+05:30,4001.10009765625,4045.89990234375,3980.199951171875,4030.89990234375,2328183,0.0,0.0,3934.0010011865534,3865.747611228253,1,0.0
2025-11-03 00:00:00+05:30,4030.0,4041.0,3974.89990234375,3980.5,1154072,0.0,0.0,3942.45536460718,3876.6764101588956,1,0.0
2025-11-04 00:00:00+05:30,3985.0,3990.0,3916.800048828125,3924.39990234375,2042881,0.0,0.0,3939.172553286556,3881.2215046526912,1,0.0
2025-11-05 00:00:00+05:30,3924.39990234375,3924.39990234375,3924.39990234375,3924.39990234375,0,0.0,0.0,3936.4866167515,3885.333733004221,1,0.0
2025-11-06 00:00:00+05:30,3945.0,3978.0,3872.10009765625,3881.60009765625,1749063,0.0,0.0,3926.5072496432726,3884.9781486853667,1,0.0
2025-11-07 00:00:00+05:30,3877.10009765625,3892.89990234375,3831.10009765625,3882.5,1577294,0.0,0.0,3918.505931526314,3884.7421345248554,1,0.0
